{
    "camera": {
        "resolution": [
            1920,
            1080
        ],
        "fps": 200,
        "fov": 90.0,
        "height": 1.2,
        "pitch": -15.0
    },
    "robot": {
        "model": "Go2",
        "dimensions": [
            0.5,
            0.5,
            0.6
        ],
        "initial_position": [
            0.00026600507995801594,
            -0.00024091079546262906,
            0.3004759551472888
        ],
        "initial_orientation": [
            0.0,
            0.0,
            0.0
        ]
    },
    "human": {
        "dimensions": [
            0.6,
            0.4,
            1.7
        ],
        "initial_position": [
            0.008665853414366528,
            2.0784429034699503,
            0.85
        ],
        "initial_orientation": [
            0.0,
            180.0,
            5.874371629255496
        ],
        "speed": 0.2,
        "turn_angle": 10.0,
        "turn_interval": [
            2.0,
            5.0
        ],
        "movement_range": 5.0,
        "current_position": [
            0.008665853414366528,
            2.0784429034699503,
            0.85
        ],
        "current_orientation": [
            0.0,
            180.0,
            5.874371629255496
        ],
        "current_velocity": [
            0.020469519298893388,
            0.1989497393304958,
            0.0
        ]
    },
    "environment": {
        "gravity": [
            0.0,
            0.0,
            -9.81
        ],
        "ground_level": 0.0
    }
}